"PointID","x","y","Density","Momentum_x","Momentum_y","Energy","Nu_Tilde","Pressure","Temperature","Mach","Pressure_Coefficient","Laminar_Viscosity","Skin_Friction_Coefficient_x","Skin_Friction_Coefficient_y","Heat_Flux","Y_Plus","Eddy_Viscosity"
240, 1.246300000000000e-01, -5.047100000000000e-02, 1.123290087135696e+00, 0.000000000000000e+00, 0.000000000000000e+00, 2.355982383100710e+05, 0.000000000000000e+00, 9.423929532402838e+04, 2.922607194160449e+02, 0.000000000000000e+00, -2.517023649640008e-01, 1.809063751455131e-05, 3.770625490034577e-03, -4.809652327522915e-04, -2.506201990541450e+03, 6.365989369089130e+00, 0.000000000000000e+00
241, 1.325720000000000e-01, -5.146600000000000e-02, 1.121677339931447e+00, 0.000000000000000e+00, 0.000000000000000e+00, 2.353311324636980e+05, 0.000000000000000e+00, 9.413245298547919e+04, 2.923491092904450e+02, 0.000000000000000e+00, -2.554976782773415e-01, 1.809487291097655e-05, 3.814463051686757e-03, -4.599380202985914e-04, -2.645946835470563e+03, 6.428016129901041e+00, 0.000000000000000e+00
362, 1.409100000000000e-01, -5.243400000000000e-02, 1.118584275142655e+00, 0.000000000000000e+00, 0.000000000000000e+00, 2.346369892952303e+05, 0.000000000000000e+00, 9.385479571809211e+04, 2.922927910337937e+02, 0.000000000000000e+00, -2.653607750400058e-01, 1.809217436857749e-05, 3.783745728073276e-03, -4.217431237030652e-04, -2.657203672703780e+03, 6.426915112317670e+00, 0.000000000000000e+00
483, 1.496810000000000e-01, -5.337300000000000e-02, 1.115790310993361e+00, 0.000000000000000e+00, 0.000000000000000e+00, 2.340428415649887e+05, 0.000000000000000e+00, 9.361713662599544e+04, 2.922827017119449e+02, 0.000000000000000e+00, -2.738030342466001e-01, 1.809169090268380e-05, 3.755894466586215e-03, -3.849844022448579e-04, -2.643776775072667e+03, 6.431136460592064e+00, 0.000000000000000e+00
604, 1.589000000000000e-01, -5.427800000000000e-02, 1.113293278787584e+00, 0.000000000000000e+00, 0.000000000000000e+00, 2.335099101167147e+05, 0.000000000000000e+00, 9.340396404668585e+04, 2.922712292576905e+02, 0.000000000000000e+00, -2.813754698491805e-01, 1.809114114926880e-05, 3.721076788119100e-03, -3.488878448088398e-04, -2.625857279140711e+03, 6.428593728897038e+00, 0.000000000000000e+00
725, 1.685910000000000e-01, -5.514600000000000e-02, 1.111025219708389e+00, 0.000000000000000e+00, 0.000000000000000e+00, 2.330260467082129e+05, 0.000000000000000e+00, 9.321041868328513e+04, 2.922610139933790e+02, 0.000000000000000e+00, -2.882506965095550e-01, 1.809065163090333e-05, 3.697577451108366e-03, -3.147389242839135e-04, -2.650424692143227e+03, 6.434129098423240e+00, 0.000000000000000e+00
846, 1.787660000000000e-01, -5.596900000000000e-02, 1.108959704190950e+00, 0.000000000000000e+00, 0.000000000000000e+00, 2.325844455588754e+05, 0.000000000000000e+00, 9.303377822355012e+04, 2.922504834307421e+02, 0.000000000000000e+00, -2.945254177259783e-01, 1.809014699470413e-05, 3.657715379271788e-03, -2.800282267080143e-04, -2.631225404369772e+03, 6.430672561175474e+00, 0.000000000000000e+00
967, 1.894640000000000e-01, -5.674400000000000e-02, 1.107134581900812e+00, 0.000000000000000e+00, 0.000000000000000e+00, 2.321971123528958e+05, 0.000000000000000e+00, 9.287884494115828e+04, 2.922447612038449e+02, 0.000000000000000e+00, -3.000290444466776e-01, 1.808987277558554e-05, 3.630885811125874e-03, -2.471690915562150e-04, -2.631232576002555e+03, 6.433170615467596e+00, 0.000000000000000e+00
1088, 2.006980000000000e-01, -5.746200000000000e-02, 1.105586295927218e+00, 0.000000000000000e+00, 0.000000000000000e+00, 2.318683941190383e+05, 0.000000000000000e+00, 9.274735764761531e+04, 2.922397205774622e+02, 0.000000000000000e+00, -3.046998096367247e-01, 1.808963121780762e-05, 3.591002987442863e-03, -2.139950999027369e-04, -2.609620096302911e+03, 6.428805762055775e+00, 0.000000000000000e+00
1209, 2.125040000000000e-01, -5.811700000000000e-02, 1.104330168573368e+00, 0.000000000000000e+00, 0.000000000000000e+00, 2.316035676043373e+05, 0.000000000000000e+00, 9.264142704173489e+04, 2.922379717299739e+02, 0.000000000000000e+00, -3.084627358722180e-01, 1.808954740876274e-05, 3.554570901184033e-03, -1.818187322094715e-04, -2.594542059262114e+03, 6.426613204765784e+00, 0.000000000000000e+00
1330, 2.249010000000000e-01, -5.870000000000000e-02, 1.103446323422650e+00, 0.000000000000000e+00, 0.000000000000000e+00, 2.314167614061664e+05, 0.000000000000000e+00, 9.256670456246653e+04, 2.922361489395707e+02, 0.000000000000000e+00, -3.111170695776006e-01, 1.808946005593495e-05, 3.510758885942474e-03, -1.499816746049937e-04, -2.572287435007137e+03, 6.417536849132738e+00, 0.000000000000000e+00
1451, 2.379250000000000e-01, -5.920300000000000e-02, 1.102895590262229e+00, 0.000000000000000e+00, 0.000000000000000e+00, 2.313034972405238e+05, 0.000000000000000e+00, 9.252139889620950e+04, 2.922389747456389e+02, 0.000000000000000e+00, -3.127264427965883e-01, 1.808959547575386e-05, 3.466787691731313e-03, -1.189310335053324e-04, -2.537885689064283e+03, 6.410084670003038e+00, 0.000000000000000e+00
1572, 2.516020000000000e-01, -5.961600000000000e-02, 1.102727606183171e+00, 0.000000000000000e+00, 0.000000000000000e+00, 2.312659395815175e+05, 0.000000000000000e+00, 9.250637583260697e+04, 2.922360337673209e+02, 0.000000000000000e+00, -3.132601004651877e-01, 1.808945453657419e-05, 3.417416463241547e-03, -8.847916808649387e-05, -2.505959868070320e+03, 6.397362290520982e+00, 0.000000000000000e+00
1693, 2.659660000000000e-01, -5.992900000000000e-02, 1.103009307642367e+00, 0.000000000000000e+00, 0.000000000000000e+00, 2.313315573647700e+05, 0.000000000000000e+00, 9.253262294590798e+04, 2.922442944058448e+02, 0.000000000000000e+00, -3.123277358249077e-01, 1.808985040569479e-05, 3.364606680431491e-03, -5.895602577773078e-05, -2.457477022850627e+03, 6.381049442501697e+00, 0.000000000000000e+00
1814, 2.810500000000000e-01, -6.013200000000000e-02, 1.103741450784153e+00, 0.000000000000000e+00, 0.000000000000000e+00, 2.314928507027500e+05, 0.000000000000000e+00, 9.259714028109999e+04, 2.922540693407641e+02, 0.000000000000000e+00, -3.100359149557608e-01, 1.809031883646114e-05, 3.306608683088331e-03, -3.047417781270700e-05, -2.411516341419309e+03, 6.362545739310340e+00, 0.000000000000000e+00
1935, 2.968900000000000e-01, -6.021400000000000e-02, 1.104983605332771e+00, 0.000000000000000e+00, 0.000000000000000e+00, 2.317687764664477e+05, 0.000000000000000e+00, 9.270751058657907e+04, 2.922734932500946e+02, 0.000000000000000e+00, -3.061152792277307e-01, 1.809124963930903e-05, 3.242475497808527e-03, -3.295401645448056e-06, -2.342146226599056e+03, 6.335253853427735e+00, 0.000000000000000e+00
2056, 3.135200000000000e-01, -6.016500000000000e-02, 1.106763514962102e+00, 0.000000000000000e+00, 0.000000000000000e+00, 2.321530018942437e+05, 0.000000000000000e+00, 9.286120075769747e+04, 2.922872064043955e+02, 0.000000000000000e+00, -3.006558110010338e-01, 1.809190676210834e-05, 3.179095375074837e-03, 2.247270657885932e-05, -2.281215872633597e+03, 6.310020354483394e+00, 0.000000000000000e+00
2177, 3.309830000000000e-01, -5.997300000000000e-02, 1.109043603738668e+00, 0.000000000000000e+00, 0.000000000000000e+00, 2.326474831578942e+05, 0.000000000000000e+00, 9.305899326315765e+04, 2.923075775303125e+02, 0.000000000000000e+00, -2.936297149847395e-01, 1.809288290181365e-05, 3.111189064784245e-03, 4.667435473639127e-05, -2.217050738473673e+03, 6.282173652252037e+00, 0.000000000000000e+00
2298, 3.493150000000000e-01, -5.962800000000000e-02, 1.111846663838830e+00, 0.000000000000000e+00, 0.000000000000000e+00, 2.332545591341352e+05, 0.000000000000000e+00, 9.330182365365405e+04, 2.923314767430547e+02, 0.000000000000000e+00, -2.850037580237695e-01, 1.809402805783032e-05, 3.043084454132648e-03, 6.907267268161715e-05, -2.144365422501646e+03, 6.249928988140629e+00, 0.000000000000000e+00
2419, 3.685630000000000e-01, -5.912000000000000e-02, 1.115135599699103e+00, 0.000000000000000e+00, 0.000000000000000e+00, 2.339654744834851e+05, 0.000000000000000e+00, 9.358618979339401e+04, 2.923576288218739e+02, 0.000000000000000e+00, -2.749023449447075e-01, 1.809528111050114e-05, 2.971406151830632e-03, 8.947659202004412e-05, -2.069421408096532e+03, 6.216413791649414e+00, 0.000000000000000e+00
2540, 3.887670000000000e-01, -5.844000000000000e-02, 1.118842147930269e+00, 0.000000000000000e+00, 0.000000000000000e+00, 2.347751863234242e+05, 0.000000000000000e+00, 9.391007452936967e+04, 2.923975384508439e+02, 0.000000000000000e+00, -2.633971301850144e-01, 1.809719323913439e-05, 2.902458302221621e-03, 1.076622889814018e-04, -1.992762593664543e+03, 6.183812509856607e+00, 0.000000000000000e+00
2661, 4.092440000000000e-01, -5.761100000000000e-02, 1.122677618407369e+00, 0.000000000000000e+00, 0.000000000000000e+00, 2.356069987440767e+05, 0.000000000000000e+00, 9.424279949763067e+04, 2.924310334449213e+02, 0.000000000000000e+00, -2.515778877492038e-01, 1.809879793595725e-05, 2.836538214318582e-03, 1.237102207705057e-04, -1.930762420370744e+03, 6.151882133500414e+00, 0.000000000000000e+00
2782, 4.297180000000000e-01, -5.665400000000000e-02, 1.126633838934295e+00, 0.000000000000000e+00, 0.000000000000000e+00, 2.364644125040663e+05, 0.000000000000000e+00, 9.458576500162648e+04, 2.924646190232454e+02, 0.000000000000000e+00, -2.393948752748686e-01, 1.810040688341334e-05, 2.771106076157995e-03, 1.372116182517590e-04, -1.858265384360394e+03, 6.120741685633223e+00, 0.000000000000000e+00
2903, 4.501810000000000e-01, -5.558400000000000e-02, 1.130638596734891e+00, 0.000000000000000e+00, 0.000000000000000e+00, 2.373321569491934e+05, 0.000000000000000e+00, 9.493286277967732e+04, 2.924981448556693e+02, 0.000000000000000e+00, -2.270650738501195e-01, 1.810201287969049e-05, 2.712753029451290e-03, 1.487457006252581e-04, -1.797795398318945e+03, 6.092877498393658e+00, 0.000000000000000e+00
3024, 4.706430000000000e-01, -5.441000000000000e-02, 1.134598166377706e+00, 0.000000000000000e+00, 0.000000000000000e+00, 2.381853999540828e+05, 0.000000000000000e+00, 9.527415998163310e+04, 2.925252749953325e+02, 0.000000000000000e+00, -2.149413237340330e-01, 1.810331243642500e-05, 2.654869237160618e-03, 1.583863478323652e-04, -1.742587953099382e+03, 6.065120981632563e+00, 0.000000000000000e+00
3145, 4.910970000000000e-01, -5.314300000000000e-02, 1.138496019775833e+00, 0.000000000000000e+00, 0.000000000000000e+00, 2.390268316298735e+05, 0.000000000000000e+00, 9.561073265194939e+04, 2.925536189572874e+02, 0.000000000000000e+00, -2.029854010735612e-01, 1.810467007409887e-05, 2.603743270044313e-03, 1.667760455582857e-04, -1.691303037707483e+03, 6.043810762845646e+00, 0.000000000000000e+00
3266, 5.115470000000000e-01, -5.179000000000000e-02, 1.142319458517664e+00, 0.000000000000000e+00, 0.000000000000000e+00, 2.398473940796041e+05, 0.000000000000000e+00, 9.593895763184161e+04, 2.925753721818801e+02, 0.000000000000000e+00, -1.913260097417028e-01, 1.810571198122209e-05, 2.552472830635908e-03, 1.737229613025126e-04, -1.640070383378019e+03, 6.017948725407999e+00, 0.000000000000000e+00
3387, 5.319870000000000e-01, -5.036000000000000e-02, 1.146036327421063e+00, 0.000000000000000e+00, 0.000000000000000e+00, 2.406465846307297e+05, 0.000000000000000e+00, 9.625863385229188e+04, 2.925982031072594e+02, 0.000000000000000e+00, -1.799702922245804e-01, 1.810680546638430e-05, 2.508235983853703e-03, 1.799661465982418e-04, -1.599245907607040e+03, 6.000199343560990e+00, 0.000000000000000e+00
3508, 5.524250000000001e-01, -4.885700000000000e-02, 1.149649338713833e+00, 0.000000000000000e+00, 0.000000000000000e+00, 2.414193485883302e+05, 0.000000000000000e+00, 9.656773943533206e+04, 2.926152906768894e+02, 0.000000000000000e+00, -1.689900708023378e-01, 1.810762384706158e-05, 2.463192379433457e-03, 1.852291736693740e-04, -1.556093164965998e+03, 5.979665232576922e+00, 0.000000000000000e+00
3629, 5.728520000000000e-01, -4.728700000000000e-02, 1.153166335910204e+00, 0.000000000000000e+00, 0.000000000000000e+00, 2.421744580101334e+05, 0.000000000000000e+00, 9.686978320405332e+04, 2.926353029806723e+02, 0.000000000000000e+00, -1.582607030984321e-01, 1.810858227365814e-05, 2.424722954059140e-03, 1.902884018093023e-04, -1.520385846146203e+03, 5.964138190006719e+00, 0.000000000000000e+00
3750, 5.932770000000001e-01, -4.565100000000000e-02, 1.156617229622232e+00, 0.000000000000000e+00, 0.000000000000000e+00, 2.429133125998728e+05, 0.000000000000000e+00, 9.716532503994909e+04, 2.926523363635993e+02, 0.000000000000000e+00, -1.477623006892791e-01, 1.810939800922967e-05, 2.385492227470807e-03, 1.948198705161239e-04, -1.487962607265610e+03, 5.948517814220044e+00, 0.000000000000000e+00
3871, 6.137000000000000e-01, -4.395100000000000e-02, 1.160041976854214e+00, 0.000000000000000e+00, 0.000000000000000e+00, 2.436472194669487e+05, 0.000000000000000e+00, 9.745888778677945e+04, 2.926699217313993e+02, 0.000000000000000e+00, -1.373342005889320e-01, 1.811024015551684e-05, 2.348674323444658e-03, 1.991308624829294e-04, -1.452768503732648e+03, 5.931805247626474e+00, 0.000000000000000e+00
3992, 6.341100000000000e-01, -4.218900000000000e-02, 1.163470689892248e+00, 0.000000000000000e+00, 0.000000000000000e+00, 2.443779380956949e+05, 0.000000000000000e+00, 9.775117523827795e+04, 2.926825874800440e+02, 0.000000000000000e+00, -1.269514022427131e-01, 1.811084669084876e-05, 2.309905377547316e-03, 2.029280649669199e-04, -1.415829143334117e+03, 5.912490950449141e+00, 0.000000000000000e+00
4113, 6.545190000000000e-01, -4.036500000000000e-02, 1.166921825562045e+00, 0.000000000000000e+00, 0.000000000000000e+00, 2.451159537786597e+05, 0.000000000000000e+00, 9.804638151146387e+04, 2.926982681720610e+02, 0.000000000000000e+00, -1.164649198798399e-01, 1.811159758773702e-05, 2.272497844283833e-03, 2.065805890986215e-04, -1.382587126973098e+03, 5.894682306290205e+00, 0.000000000000000e+00
4234, 6.749220000000000e-01, -3.847900000000000e-02, 1.170444334472109e+00, 0.000000000000000e+00, 0.000000000000000e+00, 2.458720919036753e+05, 0.000000000000000e+00, 9.834883676147011e+04, 2.927175820827742e+02, 0.000000000000000e+00, -1.057209353075630e-01, 1.811252244083770e-05, 2.235308007297239e-03, 2.101285961365075e-04, -1.346658001898461e+03, 5.873610055991985e+00, 0.000000000000000e+00
4355, 6.953150000000000e-01, -3.653000000000000e-02, 1.174116589991803e+00, 0.000000000000000e+00, 0.000000000000000e+00, 2.466564076292318e+05, 0.000000000000000e+00, 9.866256305169269e+04, 2.927328857935420e+02, 0.000000000000000e+00, -9.457657454014547e-02, 1.811325524323300e-05, 2.193335644728768e-03, 2.130579798567028e-04, -1.307330637391234e+03, 5.847429915251936e+00, 0.000000000000000e+00
4476, 7.157090000000000e-01, -3.451700000000000e-02, 1.177955642220663e+00, 0.000000000000000e+00, 0.000000000000000e+00, 2.474778130264897e+05, 0.000000000000000e+00, 9.899112521059586e+04, 2.927505161155123e+02, 0.000000000000000e+00, -8.290520574685542e-02, 1.811409943006206e-05, 2.150564623200259e-03, 2.156577090510568e-04, -1.265696062322881e+03, 5.817658116488058e+00, 0.000000000000000e+00
4597, 7.360910000000001e-01, -3.244100000000000e-02, 1.181999444968800e+00, 0.000000000000000e+00, 0.000000000000000e+00, 2.483434537600536e+05, 0.000000000000000e+00, 9.933738150402142e+04, 2.927694660509785e+02, 0.000000000000000e+00, -7.060529600965854e-02, 1.811500677611637e-05, 2.105948657651999e-03, 2.178335960318169e-04, -1.220762701880745e+03, 5.784460566987789e+00, 0.000000000000000e+00
4718, 7.564680000000000e-01, -3.030100000000000e-02, 1.186282606704481e+00, 0.000000000000000e+00, 0.000000000000000e+00, 2.492585227103389e+05, 0.000000000000000e+00, 9.970340908413552e+04, 2.927872702081452e+02, 0.000000000000000e+00, -5.760305956743269e-02, 1.811585923505406e-05, 2.057301159869190e-03, 2.192893026076383e-04, -1.173555841908645e+03, 5.745916632724408e+00, 0.000000000000000e+00
4839, 7.768450000000000e-01, -2.809700000000000e-02, 1.190821285805340e+00, 0.000000000000000e+00, 0.000000000000000e+00, 2.502290408681035e+05, 0.000000000000000e+00, 1.000916163472414e+05, 2.928070026256812e+02, 0.000000000000000e+00, -4.381294401953192e-02, 1.811680398939342e-05, 2.005642798058534e-03, 2.200372570154325e-04, -1.120603618204911e+03, 5.699402164408053e+00, 0.000000000000000e+00
4960, 7.972030000000000e-01, -2.583200000000000e-02, 1.195672777769678e+00, 0.000000000000000e+00, 0.000000000000000e+00, 2.512682455179029e+05, 0.000000000000000e+00, 1.005072982071611e+05, 2.928300234617220e+02, 0.000000000000000e+00, -2.904686047540080e-02, 1.811790614869887e-05, 1.951108483332601e-03, 2.200483877459293e-04, -1.065267918153429e+03, 5.649213046883545e+00, 0.000000000000000e+00
5081, 8.175610000000000e-01, -2.350500000000000e-02, 1.200882556466538e+00, 0.000000000000000e+00, 0.000000000000000e+00, 2.523850569421511e+05, 0.000000000000000e+00, 1.009540227768604e+05, 2.928555359372811e+02, 0.000000000000000e+00, -1.317806043041337e-02, 1.811912755032175e-05, 1.894838863525607e-03, 2.194317878306086e-04, -1.009820847859675e+03, 5.594231760809651e+00, 0.000000000000000e+00
5202, 8.379180000000001e-01, -2.111700000000000e-02, 1.206533513775718e+00, 0.000000000000000e+00, 0.000000000000000e+00, 2.535915803591853e+05, 0.000000000000000e+00, 1.014366321436741e+05, 2.928773437415683e+02, 0.000000000000000e+00, 3.965459450215006e-03, 1.812017155123505e-05, 1.828709096764986e-03, 2.170949145111932e-04, -9.448314836506195e+02, 5.522532405727464e+00, 0.000000000000000e+00
5323, 8.582720000000000e-01, -1.867200000000000e-02, 1.212592421059870e+00, 0.000000000000000e+00, 0.000000000000000e+00, 2.548960503315213e+05, 0.000000000000000e+00, 1.019584201326085e+05, 2.929129637920018e+02, 0.000000000000000e+00, 2.250070426079571e-02, 1.812187670243268e-05, 1.766724914680584e-03, 2.147340470221341e-04, -8.834151581971900e+02, 5.456189804088980e+00, 0.000000000000000e+00
5444, 8.786030000000000e-01, -1.617200000000000e-02, 1.219272527560961e+00, 0.000000000000000e+00, 0.000000000000000e+00, 2.563272393974244e+05, 0.000000000000000e+00, 1.025308957589697e+05, 2.929437983861643e+02, 0.000000000000000e+00, 4.283650368071789e-02, 1.812335269032734e-05, 1.690034043800610e-03, 2.101060498121560e-04, -8.097360233048259e+02, 5.362834535830276e+00, 0.000000000000000e+00
5565, 8.989330000000000e-01, -1.361700000000000e-02, 1.226650080092840e+00, 0.000000000000000e+00, 0.000000000000000e+00, 2.579046984654776e+05, 0.000000000000000e+00, 1.031618793861910e+05, 2.929738776618610e+02, 0.000000000000000e+00, 6.525065703426423e-02, 1.812479245036249e-05, 1.606925936488632e-03, 2.041657498253884e-04, -7.336562549450945e+02, 5.258263653101753e+00, 0.000000000000000e+00
5686, 9.192630000000001e-01, -1.100600000000000e-02, 1.235066183830058e+00, 0.000000000000000e+00, 0.000000000000000e+00, 2.596980802559337e+05, 0.000000000000000e+00, 1.038792321023735e+05, 2.930008262165166e+02, 0.000000000000000e+00, 9.073286147735425e-02, 1.812608229615627e-05, 1.505464766952066e-03, 1.954778754609383e-04, -6.451890704538724e+02, 5.117626055894442e+00, 0.000000000000000e+00
5807, 9.395890000000000e-01, -8.338000000000000e-03, 1.244637896899298e+00, 0.000000000000000e+00, 0.000000000000000e+00, 2.618008075723309e+05, 0.000000000000000e+00, 1.047203230289323e+05, 2.931016735679240e+02, 0.000000000000000e+00, 1.206105638437178e-01, 1.813090867095514e-05, 1.398234171770439e-03, 1.856787810915322e-04, -5.543105411532717e+02, 4.960872073209294e+00, 0.000000000000000e+00
5928, 9.598970000000000e-01, -5.610000000000000e-03, 1.255763950990153e+00, 0.000000000000000e+00, 0.000000000000000e+00, 2.644175161422821e+05, 0.000000000000000e+00, 1.057670064569128e+05, 2.934084021049276e+02, 0.000000000000000e+00, 1.577914380459269e-01, 1.814558322197026e-05, 1.327488906126110e-03, 1.806467616049273e-04, -4.966711425249247e+02, 4.862239494529801e+00, 0.000000000000000e+00
6049, 9.801970000000000e-01, -2.812000000000000e-03, 1.265242027813367e+00, 0.000000000000000e+00, 0.000000000000000e+00, 2.676300660265124e+05, 0.000000000000000e+00, 1.070520264106049e+05, 2.947485167758825e+02, 0.000000000000000e+00, 2.034386356305324e-01, 1.820961033533074e-05, 1.354569113181188e-03, 1.894903803941467e-04, -5.241986095102387e+02, 4.922746997433260e+00, 0.000000000000000e+00
6170, 1.000000000000000e+00, 0.000000000000000e+00, 1.295710347421802e+00, 0.000000000000000e+00, 0.000000000000000e+00, 2.714214602983798e+05, 0.000000000000000e+00, 1.085685841193519e+05, 2.918949573477936e+02, 0.000000000000000e+00, 2.573106468632975e-01, 1.807310463728612e-05, -4.464386767203166e-05, 6.339370595048874e-06, 1.891428038219565e+02, 9.157894490464895e-01, 0.000000000000000e+00
6291, 1.208830000000000e-01, -4.997500000000000e-02, 1.124073291471826e+00, 0.000000000000000e+00, 0.000000000000000e+00, 2.357552380396343e+05, 0.000000000000000e+00, 9.430209521585370e+04, 2.922517083308979e+02, 0.000000000000000e+00, -2.494715520787958e-01, 1.809020569372452e-05, 3.726153974304445e-03, -5.020543006085886e-04, -2.407534573426680e+03, 6.297731459670959e+00, 0.000000000000000e+00
6412, 1.169410000000000e-01, -4.943500000000000e-02, 1.125642227283234e+00, 0.000000000000000e+00, 0.000000000000000e+00, 2.361580742392353e+05, 0.000000000000000e+00, 9.446322969569408e+04, 2.923430398102341e+02, 0.000000000000000e+00, -2.437476429536235e-01, 1.809458209817647e-05, 3.821597105645223e-03, -5.345686427539410e-04, -2.452553007296284e+03, 6.354573467558741e+00, 0.000000000000000e+00
6533, 1.128190000000000e-01, -4.884700000000000e-02, 1.127950650203646e+00, 0.000000000000000e+00, 0.000000000000000e+00, 2.366311807309332e+05, 0.000000000000000e+00, 9.465247229237328e+04, 2.923292069960907e+02, 0.000000000000000e+00, -2.370252615795297e-01, 1.809391930245064e-05, 3.796450752200608e-03, -5.523995927599185e-04, -2.369482919265462e+03, 6.312359948360211e+00, 0.000000000000000e+00
6654, 1.085220000000000e-01, -4.821000000000000e-02, 1.130224106293035e+00, 0.000000000000000e+00, 0.000000000000000e+00, 2.371354627478188e+05, 0.000000000000000e+00, 9.485418509912751e+04, 2.923629104503585e+02, 0.000000000000000e+00, -2.298599064278057e-01, 1.809553416827546e-05, 3.840700494355895e-03, -5.821637923543524e-04, -2.372626543681694e+03, 6.327513321134699e+00, 0.000000000000000e+00
6775, 1.040710000000000e-01, -4.752100000000000e-02, 1.132889406273699e+00, 0.000000000000000e+00, 0.000000000000000e+00, 2.377034050598623e+05, 0.000000000000000e+00, 9.508136202394489e+04, 2.923736462165710e+02, 0.000000000000000e+00, -2.217900006306180e-01, 1.809604854242579e-05, 3.840090729530240e-03, -6.081169207002892e-04, -2.330489916184379e+03, 6.309179743708069e+00, 0.000000000000000e+00
6896, 9.947300000000001e-02, -4.677700000000000e-02, 1.135747126540037e+00, 0.000000000000000e+00, 0.000000000000000e+00, 2.383127247346082e+05, 0.000000000000000e+00, 9.532508989384325e+04, 2.923855611465345e+02, 0.000000000000000e+00, -2.131321629043169e-01, 1.809661940222349e-05, 3.856573354236011e-03, -6.389711348305205e-04, -2.241497541206035e+03, 6.314036182254696e+00, 0.000000000000000e+00
7017, 9.474600000000000e-02, -4.597600000000000e-02, 1.138922326801041e+00, 0.000000000000000e+00, 0.000000000000000e+00, 2.389976261346616e+05, 0.000000000000000e+00, 9.559905045386462e+04, 2.924083816941981e+02, 0.000000000000000e+00, -2.034003826484901e-01, 1.809771273299092e-05, 3.879323661177482e-03, -6.740639939459465e-04, -2.245326700505772e+03, 6.315246212838549e+00, 0.000000000000000e+00
7138, 8.993100000000000e-02, -4.511900000000000e-02, 1.142494497617867e+00, 0.000000000000000e+00, 0.000000000000000e+00, 2.397568165034187e+05, 0.000000000000000e+00, 9.590272660136748e+04, 2.924200741496441e+02, 0.000000000000000e+00, -1.926130286724163e-01, 1.809827290170912e-05, 3.885504985812349e-03, -7.094365834531854e-04, -2.225679288629213e+03, 6.308806386848471e+00, 0.000000000000000e+00
7259, 8.502999999999999e-02, -4.420200000000000e-02, 1.146293475808628e+00, 0.000000000000000e+00, 0.000000000000000e+00, 2.405707690312584e+05, 0.000000000000000e+00, 9.622830761250333e+04, 2.924404022030242e+02, 0.000000000000000e+00, -1.810475578776536e-01, 1.809924676374881e-05, 3.901993576956489e-03, -7.496830832578189e-04, -2.137415528918524e+03, 6.323974937160072e+00, 0.000000000000000e+00
7380, 8.007300000000001e-02, -4.322500000000000e-02, 1.150658015943274e+00, 0.000000000000000e+00, 0.000000000000000e+00, 2.415065383793523e+05, 0.000000000000000e+00, 9.660261535174090e+04, 2.924643682841017e+02, 0.000000000000000e+00, -1.677511889914488e-01, 1.810039487185889e-05, 3.918318937139945e-03, -7.946379226740657e-04, -2.154824518884510e+03, 6.329434230983380e+00, 0.000000000000000e+00
7501, 7.510400000000000e-02, -4.218900000000000e-02, 1.155387623077587e+00, 0.000000000000000e+00, 0.000000000000000e+00, 2.425147988479410e+05, 0.000000000000000e+00, 9.700591953917638e+04, 2.924831633442012e+02, 0.000000000000000e+00, -1.534247920528866e-01, 1.810129522761431e-05, 3.927720039874936e-03, -8.426414562273141e-04, -2.112323938003836e+03, 6.338439182735769e+00, 0.000000000000000e+00
7622, 7.012599999999999e-02, -4.109100000000000e-02, 1.160669950751499e+00, 0.000000000000000e+00, 0.000000000000000e+00, 2.436469847243232e+05, 0.000000000000000e+00, 9.745879388972925e+04, 2.925112925081934e+02, 0.000000000000000e+00, -1.373375360524716e-01, 1.810264267068448e-05, 3.935202596601960e-03, -8.946530222143470e-04, -2.083114988881834e+03, 6.352942514465227e+00, 0.000000000000000e+00
7743, 6.519400000000000e-02, -3.993600000000000e-02, 1.166737354422104e+00, 0.000000000000000e+00, 0.000000000000000e+00, 2.449462344181680e+05, 0.000000000000000e+00, 9.797849376726717e+04, 2.925418486613307e+02, 0.000000000000000e+00, -1.188764663029257e-01, 1.810410630045970e-05, 3.943696341088017e-03, -9.531604510417630e-04, -2.102049107560839e+03, 6.365317971567504e+00, 0.000000000000000e+00
7864, 6.031600000000000e-02, -3.872000000000000e-02, 1.173417270892541e+00, 0.000000000000000e+00, 0.000000000000000e+00, 2.463792578347167e+05, 0.000000000000000e+00, 9.855170313388665e+04, 2.925782266189794e+02, 0.000000000000000e+00, -9.851460255112360e-02, 1.810584869649023e-05, 3.942249756897428e-03, -1.014175213831451e-03, -2.018754286535133e+03, 6.387951583182387e+00, 0.000000000000000e+00
7985, 5.551500000000000e-02, -3.744600000000000e-02, 1.180940370760317e+00, 0.000000000000000e+00, 0.000000000000000e+00, 2.479908811124645e+05, 0.000000000000000e+00, 9.919635244498577e+04, 2.926160065044675e+02, 0.000000000000000e+00, -7.561500913082468e-02, 1.810765812992696e-05, 3.941002821471800e-03, -1.081697187918739e-03, -2.016971899620529e+03, 6.408894243774386e+00, 0.000000000000000e+00
8106, 5.083600000000000e-02, -3.611800000000000e-02, 1.189448369535941e+00, 0.000000000000000e+00, 0.000000000000000e+00, 2.498087314803370e+05, 0.000000000000000e+00, 9.992349259213476e+04, 2.926525787742792e+02, 0.000000000000000e+00, -4.978513009023696e-02, 1.810940961820927e-05, 3.935406936079974e-03, -1.156167160811257e-03, -2.014861663516977e+03, 6.431838461104125e+00, 0.000000000000000e+00
8227, 4.629400000000000e-02, -3.473700000000000e-02, 1.199088385521622e+00, 0.000000000000000e+00, 0.000000000000000e+00, 2.518712221179010e+05, 0.000000000000000e+00, 1.007484888471604e+05, 2.926966081150843e+02, 0.000000000000000e+00, -2.047915164880356e-02, 1.811151809397528e-05, 3.901535756333119e-03, -1.228537022509475e-03, -2.036937426745861e+03, 6.430831653338836e+00, 0.000000000000000e+00
8348, 4.192800000000000e-02, -3.331300000000000e-02, 1.209771574986289e+00, 0.000000000000000e+00, 0.000000000000000e+00, 2.541691617648827e+05, 0.000000000000000e+00, 1.016676647059530e+05, 2.927587048916117e+02, 0.000000000000000e+00, 1.217232735800501e-02, 1.811449152214442e-05, 3.902657178437778e-03, -1.321501020804027e-03, -2.022179843738995e+03, 6.482788956923669e+00, 0.000000000000000e+00
8469, 3.771200000000000e-02, -3.183100000000000e-02, 1.221931146348016e+00, 0.000000000000000e+00, 0.000000000000000e+00, 2.567750692283891e+05, 0.000000000000000e+00, 1.027100276913556e+05, 2.928171145530636e+02, 0.000000000000000e+00, 4.919972838227718e-02, 1.811728811922847e-05, 3.826281534885253e-03, -1.395911827634275e-03, -1.980042839892270e+03, 6.473729767408753e+00, 0.000000000000000e+00
8590, 3.372400000000000e-02, -3.032000000000000e-02, 1.235432712270353e+00, 0.000000000000000e+00, 0.000000000000000e+00, 2.596703448001845e+05, 0.000000000000000e+00, 1.038681379200738e+05, 2.928826158020839e+02, 0.000000000000000e+00, 9.033876772805678e-02, 1.812042393395867e-05, 3.775963131581805e-03, -1.488190808147806e-03, -2.029928590002609e+03, 6.480278475514295e+00, 0.000000000000000e+00
8711, 2.992000000000000e-02, -2.876000000000000e-02, 1.250555406323048e+00, 0.000000000000000e+00, 0.000000000000000e+00, 2.629258269594085e+05, 0.000000000000000e+00, 1.051703307837634e+05, 2.929683108623274e+02, 0.000000000000000e+00, 1.365959910274416e-01, 1.812452599802025e-05, 3.697769988669564e-03, -1.579828968651226e-03, -1.924546090932722e+03, 6.512390005684559e+00, 0.000000000000000e+00
8832, 2.633000000000000e-02, -2.716100000000000e-02, 1.267547129553821e+00, 0.000000000000000e+00, 0.000000000000000e+00, 2.665721379182059e+05, 0.000000000000000e+00, 1.066288551672823e+05, 2.930494938235192e+02, 0.000000000000000e+00, 1.884065100198997e-01, 1.812841154144494e-05, 3.561974027374132e-03, -1.654690442523323e-03, -1.898014056495218e+03, 6.470781814202470e+00, 0.000000000000000e+00
8953, 2.298200000000000e-02, -2.553700000000000e-02, 1.286363226866867e+00, 0.000000000000000e+00, 0.000000000000000e+00, 2.706160470438022e+05, 0.000000000000000e+00, 1.082464188175208e+05, 2.931434981521564e+02, 0.000000000000000e+00, 2.458665108050732e-01, 1.813291008568861e-05, 3.411927451206955e-03, -1.728653623593256e-03, -1.853703506824559e+03, 6.427169260657621e+00, 0.000000000000000e+00
9074, 1.986400000000000e-02, -2.388500000000000e-02, 1.307078352132417e+00, 0.000000000000000e+00, 0.000000000000000e+00, 2.750856043419724e+05, 0.000000000000000e+00, 1.100342417367889e+05, 2.932625309761674e+02, 0.000000000000000e+00, 3.093745565810443e-01, 1.813860535952684e-05, 3.220315113005274e-03, -1.785840413017940e-03, -1.754776856700505e+03, 6.362131222427861e+00, 0.000000000000000e+00
9195, 1.698800000000000e-02, -2.221300000000000e-02, 1.329772704994914e+00, 0.000000000000000e+00, 0.000000000000000e+00, 2.799871887970613e+05, 0.000000000000000e+00, 1.119948755188245e+05, 2.933939014985688e+02, 0.000000000000000e+00, 3.790212864878337e-01, 1.814488964891633e-05, 2.982349350784558e-03, -1.818096455405688e-03, -1.639910240274766e+03, 6.249046367476827e+00, 0.000000000000000e+00
9316, 1.435400000000000e-02, -2.052600000000000e-02, 1.354425196912291e+00, 0.000000000000000e+00, 0.000000000000000e+00, 2.853599321367827e+05, 0.000000000000000e+00, 1.141439728547131e+05, 2.935812431583817e+02, 0.000000000000000e+00, 4.553627241736785e-01, 1.815384904175609e-05, 2.710942853692561e-03, -1.826529430168430e-03, -1.479296063537676e+03, 6.106740214453649e+00, 0.000000000000000e+00
9437, 1.196100000000000e-02, -1.882600000000000e-02, 1.380444843716002e+00, 0.000000000000000e+00, 0.000000000000000e+00, 2.910335849760908e+05, 0.000000000000000e+00, 1.164134339904363e+05, 2.937746968274009e+02, 0.000000000000000e+00, 5.359797920840196e-01, 1.816309783336846e-05, 2.381670146413340e-03, -1.782438360072543e-03, -1.289812821589070e+03, 5.870689454876098e+00, 0.000000000000000e+00
9558, 9.827000000000001e-03, -1.713800000000000e-02, 1.406727997326698e+00, 0.000000000000000e+00, 0.000000000000000e+00, 2.967684051605592e+05, 0.000000000000000e+00, 1.187073620642237e+05, 2.939665180766655e+02, 0.000000000000000e+00, 6.174659882541162e-01, 1.817226567296283e-05, 2.074519852917543e-03, -1.735351506942152e-03, -1.118893979221010e+03, 5.650684270248166e+00, 0.000000000000000e+00
9679, 7.918000000000000e-03, -1.544400000000000e-02, 1.434126014058969e+00, 0.000000000000000e+00, 0.000000000000000e+00, 3.027944372103068e+05, 0.000000000000000e+00, 1.211177748841227e+05, 2.942055866178222e+02, 0.000000000000000e+00, 7.030900207325711e-01, 1.818368758364540e-05, 1.759549982479651e-03, -1.657810639917281e-03, -9.273766759188086e+02, 5.402175704700237e+00, 0.000000000000000e+00
9800, 6.247000000000000e-03, -1.376500000000000e-02, 1.461787240660105e+00, 0.000000000000000e+00, 0.000000000000000e+00, 3.088640027023462e+05, 0.000000000000000e+00, 1.235456010809384e+05, 2.944241739165801e+02, 0.000000000000000e+00, 7.893326209262186e-01, 1.819412703817786e-05, 1.472172412435314e-03, -1.578168826130657e-03, -7.744766491233780e+02, 5.158224675825524e+00, 0.000000000000000e+00
9921, 4.793000000000000e-03, -1.209400000000000e-02, 1.488527967672271e+00, 0.000000000000000e+00, 0.000000000000000e+00, 3.147500295991820e+05, 0.000000000000000e+00, 1.259000118396728e+05, 2.946450282333806e+02, 0.000000000000000e+00, 8.729673168626330e-01, 1.820467095378129e-05, 1.185697954014601e-03, -1.460925483587439e-03, -6.167278661126783e+02, 4.860701193040382e+00, 0.000000000000000e+00
10042, 3.576000000000000e-03, -1.047400000000000e-02, 1.512819102834696e+00, 0.000000000000000e+00, 0.000000000000000e+00, 3.201446017868578e+05, 0.000000000000000e+00, 1.280578407147431e+05, 2.948828532170601e+02, 0.000000000000000e+00, 9.496189211673710e-01, 1.821602079719495e-05, 9.398043254729957e-04, -1.351048129003541e-03, -4.974038153773240e+02, 4.569701194049978e+00, 0.000000000000000e+00
10163, 2.574000000000000e-03, -8.904000000000000e-03, 1.533357754037230e+00, 0.000000000000000e+00, 0.000000000000000e+00, 3.247113962276218e+05, 0.000000000000000e+00, 1.298845584910487e+05, 2.950831249485318e+02, 0.000000000000000e+00, 1.014508611811282e+00, 1.822557503034671e-05, 6.988303493616777e-04, -1.189101084437242e-03, -3.601888868387618e+02, 4.206320790615986e+00, 0.000000000000000e+00
10284, 1.780000000000000e-03, -7.418000000000000e-03, 1.549531423538184e+00, 0.000000000000000e+00, 0.000000000000000e+00, 3.281917935305573e+05, 0.000000000000000e+00, 1.312767174122229e+05, 2.951329276956889e+02, 0.000000000000000e+00, 1.063961659728104e+00, 1.822795045000391e-05, 4.847793654985223e-04, -9.963573068360837e-04, -2.507145430727394e+02, 3.788024681359983e+00, 0.000000000000000e+00
10405, 1.163000000000000e-03, -6.004000000000000e-03, 1.560251852414914e+00, 0.000000000000000e+00, 0.000000000000000e+00, 3.304388598580528e+05, 0.000000000000000e+00, 1.321755439432211e+05, 2.951119153313670e+02, 0.000000000000000e+00, 1.095890278530384e+00, 1.822694825621058e-05, 2.770200118435373e-04, -7.102429135769524e-04, -1.174259021174586e+02, 3.163804925566486e+00, 0.000000000000000e+00
10526, 6.840000000000000e-04, -4.608000000000000e-03, 1.565418161204633e+00, 0.000000000000000e+00, 0.000000000000000e+00, 3.313240905670224e+05, 0.000000000000000e+00, 1.325296362268089e+05, 2.949259474222631e+02, 0.000000000000000e+00, 1.108468542693269e+00, 1.821807692964872e-05, -1.863084991258583e-05, 6.153543544344678e-05, -2.167336224993426e+00, 9.208287670950772e-01, 0.000000000000000e+00
10647, 3.640000000000000e-04, -3.365000000000000e-03, 1.561174573576774e+00, 0.000000000000000e+00, 0.000000000000000e+00, 3.305731256967354e+05, 0.000000000000000e+00, 1.322292502786941e+05, 2.950573322426662e+02, 0.000000000000000e+00, 1.097798065020266e+00, 1.822434473071809e-05, -1.493241144015103e-04, 6.998054442492399e-04, -1.090494022934058e+02, 3.075849588013732e+00, 0.000000000000000e+00
10768, 1.290000000000000e-04, -2.007000000000000e-03, 1.552060121854328e+00, 0.000000000000000e+00, 0.000000000000000e+00, 3.290686336870292e+05, 0.000000000000000e+00, 1.316274534748117e+05, 2.954393126151864e+02, 0.000000000000000e+00, 1.076420702331321e+00, 1.824255968704351e-05, -1.718079174605462e-04, 1.125853869716626e-03, -2.866543488326004e+02, 3.862499385162586e+00, 0.000000000000000e+00
10889, 6.200000000000000e-05, -1.386000000000000e-03, 1.541411333333945e+00, 0.000000000000000e+00, 0.000000000000000e+00, 3.264460648195319e+05, 0.000000000000000e+00, 1.305784259278127e+05, 2.951095246125182e+02, 0.000000000000000e+00, 1.039156559022131e+00, 1.822683422765264e-05, -8.438803190954703e-05, 1.312920775522953e-03, -3.707774672941024e+02, 4.164764676999332e+00, 0.000000000000000e+00
11010, 0.000000000000000e+00, 0.000000000000000e+00, 1.524550387965758e+00, 0.000000000000000e+00, 0.000000000000000e+00, 3.226682522776928e+05, 0.000000000000000e+00, 1.290673009110771e+05, 2.949203838995410e+02, 0.000000000000000e+00, 9.854775309138252e-01, 1.821781148822522e-05, 7.111110675129422e-05, 1.589677321891835e-03, -5.690405919571811e+02, 4.506794962885902e+00, 0.000000000000000e+00
11131, 6.200000000000000e-05, 1.386000000000000e-03, 1.498003004096794e+00, 0.000000000000000e+00, 0.000000000000000e+00, 3.172534043420285e+05, 0.000000000000000e+00, 1.269013617368114e+05, 2.951100117472006e+02, 0.000000000000000e+00, 9.085378280244862e-01, 1.822685746223422e-05, 1.374068623039577e-04, 2.151986213563558e-03, -1.033128200604832e+03, 5.257699532907859e+00, 0.000000000000000e+00
11252, 1.270000000000000e-04, 1.989000000000000e-03, 1.477832530517908e+00, 0.000000000000000e+00, 0.000000000000000e+00, 3.122769813806032e+05, 0.000000000000000e+00, 1.249107925522413e+05, 2.944456123359643e+02, 0.000000000000000e+00, 8.378277160041803e-01, 1.819515070812927e-05, 3.518996974822418e-04, 2.355214403863290e-03, -1.249161185808329e+03, 5.467903372129173e+00, 0.000000000000000e+00
11373, 3.420000000000000e-04, 3.260000000000000e-03, 1.450660762989372e+00, 0.000000000000000e+00, 0.000000000000000e+00, 3.066089893112485e+05, 0.000000000000000e+00, 1.226435957244994e+05, 2.945163134512745e+02, 0.000000000000000e+00, 7.572910821085176e-01, 1.819852638270109e-05, 5.520723612338419e-04, 2.713969170771408e-03, -1.673131117689789e+03, 5.834320905084725e+00, 0.000000000000000e+00
11494, 6.030000000000000e-04, 4.329000000000000e-03, 1.418178668716636e+00, 0.000000000000000e+00, 0.000000000000000e+00, 2.991225065067922e+05, 0.000000000000000e+00, 1.196490026027168e+05, 2.939060183422474e+02, 0.000000000000000e+00, 6.509154701791035e-01, 1.816937448169698e-05, 8.709937127002005e-04, 3.033152591881198e-03, -2.155959585879852e+03, 6.169266224314306e+00, 0.000000000000000e+00
11615, 1.024000000000000e-03, 5.635000000000000e-03, 1.381125571874298e+00, 0.000000000000000e+00, 0.000000000000000e+00, 2.912442264454253e+05, 0.000000000000000e+00, 1.164976905781701e+05, 2.938424219764897e+02, 0.000000000000000e+00, 5.389728017233162e-01, 1.816633499670697e-05, 1.227802666279834e-03, 3.419001468185881e-03, -2.842594326298358e+03, 6.522529186586129e+00, 0.000000000000000e+00
11736, 1.476000000000000e-03, 6.760000000000000e-03, 1.344018041803594e+00, 0.000000000000000e+00, 0.000000000000000e+00, 2.828340667612450e+05, 0.000000000000000e+00, 1.131336267044980e+05, 2.932357767862824e+02, 0.000000000000000e+00, 4.194726430778919e-01, 1.813732536932483e-05, 1.560901475229464e-03, 3.487419512224389e-03, -3.068361954585919e+03, 6.601852492243532e+00, 0.000000000000000e+00
11857, 2.134000000000000e-03, 8.115000000000001e-03, 1.303869366826245e+00, 0.000000000000000e+00, 0.000000000000000e+00, 2.743127445002510e+05, 0.000000000000000e+00, 1.097250978001004e+05, 2.931583305207354e+02, 0.000000000000000e+00, 2.983929727390512e-01, 1.813361981980837e-05, 2.085158971595674e-03, 3.954507029221531e-03, -4.100040631437547e+03, 7.063749368372750e+00, 0.000000000000000e+00
11978, 2.848000000000000e-03, 9.362000000000001e-03, 1.264272902817948e+00, 0.000000000000000e+00, 0.000000000000000e+00, 2.655428798386327e+05, 0.000000000000000e+00, 1.062171519354531e+05, 2.926740165796588e+02, 0.000000000000000e+00, 1.737817575282870e-01, 1.811043625033809e-05, 2.516209746371955e-03, 4.064040898239059e-03, -4.623974745625305e+03, 7.147277003270895e+00, 0.000000000000000e+00
12099, 3.732000000000000e-03, 1.069600000000000e-02, 1.225183083471252e+00, 0.000000000000000e+00, 0.000000000000000e+00, 2.570833281814637e+05, 0.000000000000000e+00, 1.028333312725855e+05, 2.923905003957419e+02, 0.000000000000000e+00, 5.357978716589158e-02, 1.809685604478581e-05, 3.029370340212370e-03, 4.265556560760008e-03, -5.248741166931050e+03, 7.414066202276962e+00, 0.000000000000000e+00
12220, 4.757000000000000e-03, 1.205000000000000e-02, 1.187410991181166e+00, 0.000000000000000e+00, 0.000000000000000e+00, 2.489687007716779e+05, 0.000000000000000e+00, 9.958748030867115e+04, 2.921689265873488e+02, 0.000000000000000e+00, -6.172114637546951e-02, 1.808623840328074e-05, 3.468449987601866e-03, 4.300057423209771e-03, -5.665553445857241e+03, 7.513972494758035e+00, 0.000000000000000e+00
12341, 5.930000000000000e-03, 1.342100000000000e-02, 1.150749240602309e+00, 0.000000000000000e+00, 0.000000000000000e+00, 2.410520001771183e+05, 0.000000000000000e+00, 9.642080007084731e+04, 2.918907813888874e+02, 0.000000000000000e+00, -1.742097330996584e-01, 1.807290440065101e-05, 3.999772985653996e-03, 4.415165230817253e-03, -6.467487855133795e+03, 7.660395155833549e+00, 0.000000000000000e+00
12462, 7.222000000000000e-03, 1.477100000000000e-02, 1.116532093471105e+00, 0.000000000000000e+00, 0.000000000000000e+00, 2.336828989313190e+05, 0.000000000000000e+00, 9.347315957252758e+04, 2.916393068311753e+02, 0.000000000000000e+00, -2.789174676749786e-01, 1.806084368170756e-05, 4.311766728777586e-03, 4.269616945404303e-03, -6.475703681905515e+03, 7.624765347568868e+00, 0.000000000000000e+00
12583, 8.692000000000000e-03, 1.615600000000000e-02, 1.084703713151698e+00, 0.000000000000000e+00, 0.000000000000000e+00, 2.269080437361947e+05, 0.000000000000000e+00, 9.076321749447785e+04, 2.914936520311672e+02, 0.000000000000000e+00, -3.751815460063330e-01, 1.805385578269361e-05, 4.745726723068455e-03, 4.252984169083408e-03, -6.772139388811538e+03, 7.744084093146792e+00, 0.000000000000000e+00
12704, 1.030400000000000e-02, 1.753300000000000e-02, 1.055867323912004e+00, 0.000000000000000e+00, 0.000000000000000e+00, 2.207259007030488e+05, 0.000000000000000e+00, 8.829036028121950e+04, 2.912958412819816e+02, 0.000000000000000e+00, -4.630237631546318e-01, 1.804436296451578e-05, 5.072525476957885e-03, 4.133896656579206e-03, -7.138789897238146e+03, 7.696481767762669e+00, 0.000000000000000e+00
12825, 1.204800000000000e-02, 1.889100000000000e-02, 1.030009581012178e+00, 0.000000000000000e+00, 0.000000000000000e+00, 2.151992591489730e+05, 0.000000000000000e+00, 8.607970365958920e+04, 2.911319330738088e+02, 0.000000000000000e+00, -5.415519442224346e-01, 1.803649475266005e-05, 5.268983617945134e-03, 3.925881196249739e-03, -6.941850660579786e+03, 7.629819037667635e+00, 0.000000000000000e+00
12946, 1.397200000000000e-02, 2.026600000000000e-02, 1.006569971113487e+00, 0.000000000000000e+00, 0.000000000000000e+00, 2.102263996447361e+05, 0.000000000000000e+00, 8.409055985789440e+04, 2.910272256681245e+02, 0.000000000000000e+00, -6.122114229949406e-01, 1.803146728406774e-05, 5.526624919343638e-03, 3.784281514844096e-03, -6.919066702818300e+03, 7.635760973946344e+00, 0.000000000000000e+00
13067, 1.605100000000000e-02, 2.163200000000000e-02, 9.856532786313281e-01, 0.000000000000000e+00, 0.000000000000000e+00, 2.057661503678708e+05, 0.000000000000000e+00, 8.230646014714829e+04, 2.908975732830876e+02, 0.000000000000000e+00, -6.755872108751785e-01, 1.802524088708658e-05, 5.666999174608436e-03, 3.574669618242589e-03, -6.835689213820164e+03, 7.545661560341962e+00, 0.000000000000000e+00
13188, 1.829200000000000e-02, 2.299100000000000e-02, 9.671974070515518e-01, 0.000000000000000e+00, 0.000000000000000e+00, 2.018361370980245e+05, 0.000000000000000e+00, 8.073445483920978e+04, 2.907864321102580e+02, 0.000000000000000e+00, -7.314288627416287e-01, 1.801990240315459e-05, 5.771353626747243e-03, 3.365589545120767e-03, -6.659068072802778e+03, 7.466161020066917e+00, 0.000000000000000e+00
13309, 2.070500000000000e-02, 2.434600000000000e-02, 9.510082528971883e-01, 0.000000000000000e+00, 0.000000000000000e+00, 1.984007884887833e+05, 0.000000000000000e+00, 7.936031539551329e+04, 2.907029538289033e+02, 0.000000000000000e+00, -7.802418127001021e-01, 1.801589201387896e-05, 5.835707133340405e-03, 3.153492787906777e-03, -6.356131354671596e+03, 7.391156416070928e+00, 0.000000000000000e+00
13430, 2.330700000000000e-02, 2.570100000000000e-02, 9.369902092226177e-01, 0.000000000000000e+00, 0.000000000000000e+00, 1.954271891012631e+05, 0.000000000000000e+00, 7.817087564050521e+04, 2.906298844268793e+02, 0.000000000000000e+00, -8.224937570032538e-01, 1.801238122304163e-05, 5.881051644689960e-03, 2.952554749100576e-03, -6.133204890887440e+03, 7.313485763222675e+00, 0.000000000000000e+00
13551, 2.608300000000000e-02, 2.704600000000000e-02, 9.248985565390014e-01, 0.000000000000000e+00, 0.000000000000000e+00, 1.928609873422606e+05, 0.000000000000000e+00, 7.714439493690424e+04, 2.905632073342300e+02, 0.000000000000000e+00, -8.589569787294469e-01, 1.800917719440709e-05, 5.881630254169275e-03, 2.747899292229774e-03, -5.955405025530676e+03, 7.215569394850812e+00, 0.000000000000000e+00
13672, 2.905400000000000e-02, 2.838600000000000e-02, 9.145659870630819e-01, 0.000000000000000e+00, 0.000000000000000e+00, 1.906783192322193e+05, 0.000000000000000e+00, 7.627132769288772e+04, 2.905203815837293e+02, 0.000000000000000e+00, -8.899705617308338e-01, 1.800711910536477e-05, 5.874451611743821e-03, 2.557473892444010e-03, -5.586412156739721e+03, 7.151204037429737e+00, 0.000000000000000e+00
13793, 3.223200000000000e-02, 2.972300000000000e-02, 9.061529120053545e-01, 0.000000000000000e+00, 0.000000000000000e+00, 1.888985479794898e+05, 0.000000000000000e+00, 7.555941919179591e+04, 2.904808226296961e+02, 0.000000000000000e+00, -9.152593737201951e-01, 1.800521787974806e-05, 5.880049093803329e-03, 2.389839248844414e-03, -5.579160608510062e+03, 7.074208796638032e+00, 0.000000000000000e+00
13914, 3.558400000000000e-02, 3.104000000000000e-02, 8.992606516662774e-01, 0.000000000000000e+00, 0.000000000000000e+00, 1.874347783179196e+05, 0.000000000000000e+00, 7.497391132716781e+04, 2.904389933391267e+02, 0.000000000000000e+00, -9.360581115975548e-01, 1.800320740473710e-05, 5.800922938660947e-03, 2.202225468708444e-03, -5.399175984081788e+03, 6.968865104408401e+00, 0.000000000000000e+00
14035, 3.916500000000000e-02, 3.235500000000000e-02, 8.937086132355032e-01, 0.000000000000000e+00, 0.000000000000000e+00, 1.862775939179946e+05, 0.000000000000000e+00, 7.451103756719781e+04, 2.904390534945198e+02, 0.000000000000000e+00, -9.525005722125608e-01, 1.800321029613458e-05, 5.755531161040596e-03, 2.043190184707331e-03, -5.066453899666912e+03, 6.916546297016001e+00, 0.000000000000000e+00
14156, 4.297000000000000e-02, 3.366200000000000e-02, 8.899317126729867e-01, 0.000000000000000e+00, 0.000000000000000e+00, 1.854876075005384e+05, 0.000000000000000e+00, 7.419504300021536e+04, 2.904347335235551e+02, 0.000000000000000e+00, -9.637255079758273e-01, 1.800300265394824e-05, 5.689774487056296e-03, 1.890529773952866e-03, -4.996603629441272e+03, 6.836368984993887e+00, 0.000000000000000e+00
14277, 4.698700000000000e-02, 3.495400000000000e-02, 8.873526795530571e-01, 0.000000000000000e+00, 0.000000000000000e+00, 1.849502152907060e+05, 0.000000000000000e+00, 7.398008611628240e+04, 2.904349740572715e+02, 0.000000000000000e+00, -9.713613266453091e-01, 1.800301421539534e-05, 5.592539594876116e-03, 1.740411283871404e-03, -4.799450687169004e+03, 6.757758210386831e+00, 0.000000000000000e+00
14398, 5.125400000000000e-02, 3.624000000000000e-02, 8.857769245020503e-01, 0.000000000000000e+00, 0.000000000000000e+00, 1.846339087450278e+05, 0.000000000000000e+00, 7.385356349801112e+04, 2.904540511970809e+02, 0.000000000000000e+00, -9.758557338633111e-01, 1.800393115881271e-05, 5.516810969010488e-03, 1.608886704906638e-03, -4.586721241911020e+03, 6.705139409317687e+00, 0.000000000000000e+00
14519, 5.577200000000000e-02, 3.751600000000000e-02, 8.852238439397319e-01, 0.000000000000000e+00, 0.000000000000000e+00, 1.845253096898667e+05, 0.000000000000000e+00, 7.381012387594665e+04, 2.904645767874375e+02, 0.000000000000000e+00, -9.773988204166991e-01, 1.800443705927018e-05, 5.429117851947262e-03, 1.483639817205974e-03, -4.388481452926840e+03, 6.650116748705027e+00, 0.000000000000000e+00
14640, 6.055600000000000e-02, 3.878200000000000e-02, 8.857196958907593e-01, 0.000000000000000e+00, 0.000000000000000e+00, 1.846469037043256e+05, 0.000000000000000e+00, 7.385876148173025e+04, 2.904932623202756e+02, 0.000000000000000e+00, -9.756710881780928e-01, 1.800581575173543e-05, 5.340472743244565e-03, 1.368013583995449e-03, -4.261969073791395e+03, 6.596548287317076e+00, 0.000000000000000e+00
14761, 6.559400000000000e-02, 4.003200000000000e-02, 8.872923640169211e-01, 0.000000000000000e+00, 0.000000000000000e+00, 1.850049697344832e+05, 0.000000000000000e+00, 7.400198789379325e+04, 2.905407059891786e+02, 0.000000000000000e+00, -9.705833194535768e-01, 1.800809585921906e-05, 5.241997560095242e-03, 1.258464296863751e-03, -4.205767388909074e+03, 6.538594759357501e+00, 0.000000000000000e+00
14882, 7.090700000000000e-02, 4.126700000000000e-02, 8.892369124203379e-01, 0.000000000000000e+00, 0.000000000000000e+00, 1.854309497894348e+05, 0.000000000000000e+00, 7.417237991577391e+04, 2.905728796446273e+02, 0.000000000000000e+00, -9.645305587381933e-01, 1.800964199908659e-05, 5.146044447848862e-03, 1.157753979339314e-03, -4.028117918452954e+03, 6.493475138622392e+00, 0.000000000000000e+00
15003, 7.651500000000000e-02, 4.248900000000000e-02, 8.918068724708720e-01, 0.000000000000000e+00, 0.000000000000000e+00, 1.859962846353201e+05, 0.000000000000000e+00, 7.439851385412802e+04, 2.906188573549194e+02, 0.000000000000000e+00, -9.564977024895596e-01, 1.801185136455079e-05, 5.062324441143378e-03, 1.067466240261965e-03, -3.953452210185649e+03, 6.455712411977733e+00, 0.000000000000000e+00
15124, 8.241200000000000e-02, 4.369300000000000e-02, 8.946901816709831e-01, 0.000000000000000e+00, 0.000000000000000e+00, 1.866233105974437e+05, 0.000000000000000e+00, 7.464932423897747e+04, 2.906588524096435e+02, 0.000000000000000e+00, -9.475882757054859e-01, 1.801377310863109e-05, 4.971938364539210e-03, 9.814980704766563e-04, -3.836362513458314e+03, 6.423338744732128e+00, 0.000000000000000e+00
15245, 8.862700000000000e-02, 4.488000000000000e-02, 8.980740471990202e-01, 0.000000000000000e+00, 0.000000000000000e+00, 1.873509174729277e+05, 0.000000000000000e+00, 7.494036698917105e+04, 2.906926256499840e+02, 0.000000000000000e+00, -9.372496923352573e-01, 1.801539579811037e-05, 4.884178172499434e-03, 9.022610007633221e-04, -3.770881280902026e+03, 6.386275260056240e+00, 0.000000000000000e+00
15366, 9.514400000000001e-02, 4.604500000000000e-02, 9.019424893269614e-01, 0.000000000000000e+00, 0.000000000000000e+00, 1.881943093776481e+05, 0.000000000000000e+00, 7.527772375105922e+04, 2.907488310075097e+02, 0.000000000000000e+00, -9.252659167353792e-01, 1.801809607315817e-05, 4.788591491451439e-03, 8.271496327636046e-04, -3.664551882842894e+03, 6.353871187464599e+00, 0.000000000000000e+00
15487, 1.020060000000000e-01, 4.719100000000000e-02, 9.057821696936721e-01, 0.000000000000000e+00, 0.000000000000000e+00, 1.890158358431438e+05, 0.000000000000000e+00, 7.560633433725749e+04, 2.907801527754995e+02, 0.000000000000000e+00, -9.135928276806242e-01, 1.801960075625119e-05, 4.720085766559113e-03, 7.613691875728192e-04, -3.603770472001435e+03, 6.340695835653485e+00, 0.000000000000000e+00
15608, 1.091920000000000e-01, 4.831100000000000e-02, 9.097687273747440e-01, 0.000000000000000e+00, 0.000000000000000e+00, 1.898666330209540e+05, 0.000000000000000e+00, 7.594665320838158e+04, 2.908090926586204e+02, 0.000000000000000e+00, -9.015038303795805e-01, 1.802099094525662e-05, 4.632921324080047e-03, 6.968099906863101e-04, -3.558782372448537e+03, 6.314668618695594e+00, 0.000000000000000e+00
15729, 1.167330000000000e-01, 4.940600000000000e-02, 9.136401745533818e-01, 0.000000000000000e+00, 0.000000000000000e+00, 1.906956406343378e+05, 0.000000000000000e+00, 7.627825625373512e+04, 2.908411904327726e+02, 0.000000000000000e+00, -8.897244415168483e-01, 1.802253275227984e-05, 4.560072691620969e-03, 6.380202755474326e-04, -3.480840039410273e+03, 6.300175286762848e+00, 0.000000000000000e+00
15850, 1.246300000000000e-01, 5.047100000000000e-02, 9.177634908273221e-01, 0.000000000000000e+00, 0.000000000000000e+00, 1.915833950422638e+05, 0.000000000000000e+00, 7.663335801690551e+04, 2.908823864122721e+02, 0.000000000000000e+00, -8.771103180555686e-01, 1.802451146867374e-05, 4.499568819568554e-03, 5.852081424528857e-04, -3.437125417995817e+03, 6.301381050939648e+00, 0.000000000000000e+00
15971, 1.325720000000000e-01, 5.146600000000000e-02, 9.214920372581131e-01, 0.000000000000000e+00, 0.000000000000000e+00, 1.923761202309915e+05, 0.000000000000000e+00, 7.695044809239656e+04, 2.909041465043880e+02, 0.000000000000000e+00, -8.658464670262752e-01, 1.802555659018560e-05, 4.427858250900042e-03, 5.338996158794066e-04, -3.402250931222995e+03, 6.286641889198795e+00, 0.000000000000000e+00
16092, 1.409100000000000e-01, 5.243400000000000e-02, 9.254938325300056e-01, 0.000000000000000e+00, 0.000000000000000e+00, 1.932365547157881e+05, 0.000000000000000e+00, 7.729462188631520e+04, 2.909417812089744e+02, 0.000000000000000e+00, -8.536205330014316e-01, 1.802736406889924e-05, 4.356520635338284e-03, 4.855856479975519e-04, -3.363135572196193e+03, 6.274420299939790e+00, 0.000000000000000e+00
16213, 1.496810000000000e-01, 5.337300000000000e-02, 9.295729121927487e-01, 0.000000000000000e+00, 0.000000000000000e+00, 1.941150149590364e+05, 0.000000000000000e+00, 7.764600598361455e+04, 2.909819208838456e+02, 0.000000000000000e+00, -8.411384705467387e-01, 1.802929172936208e-05, 4.293478599808404e-03, 4.400875229597950e-04, -3.300026474143405e+03, 6.270907836309587e+00, 0.000000000000000e+00
16334, 1.589000000000000e-01, 5.427800000000000e-02, 9.338790372075406e-01, 0.000000000000000e+00, 0.000000000000000e+00, 1.950436121051714e+05, 0.000000000000000e+00, 7.801744484206855e+04, 2.910257659913239e+02, 0.000000000000000e+00, -8.279440116484669e-01, 1.803139719232312e-05, 4.224500083622746e-03, 3.960887703999535e-04, -3.235810834692486e+03, 6.261695289107024e+00, 0.000000000000000e+00
16455, 1.685910000000000e-01, 5.514600000000000e-02, 9.382120258014132e-01, 0.000000000000000e+00, 0.000000000000000e+00, 1.959757465116232e+05, 0.000000000000000e+00, 7.839029860464927e+04, 2.910661280981376e+02, 0.000000000000000e+00, -8.146992917343638e-01, 1.803333526471210e-05, 4.168490546171556e-03, 3.548231910588984e-04, -3.227424562980268e+03, 6.259429506915366e+00, 0.000000000000000e+00
16576, 1.787660000000000e-01, 5.596900000000000e-02, 9.426209963273661e-01, 0.000000000000000e+00, 0.000000000000000e+00, 1.969219329641801e+05, 0.000000000000000e+00, 7.876877318567203e+04, 2.911034265828612e+02, 0.000000000000000e+00, -8.012549059634984e-01, 1.803512611554877e-05, 4.095635313165332e-03, 3.135546030967410e-04, -3.164626058273353e+03, 6.249144734979164e+00, 0.000000000000000e+00
16697, 1.894640000000000e-01, 5.674400000000000e-02, 9.471805285762893e-01, 0.000000000000000e+00, 0.000000000000000e+00, 1.979016106338189e+05, 0.000000000000000e+00, 7.916064425352754e+04, 2.911433694190599e+02, 0.000000000000000e+00, -7.873346426938929e-01, 1.803704380966955e-05, 4.036081843269669e-03, 2.747524253146813e-04, -3.122446417191177e+03, 6.242974497506986e+00, 0.000000000000000e+00
16818, 2.006980000000000e-01, 5.746200000000000e-02, 9.519463198510068e-01, 0.000000000000000e+00, 0.000000000000000e+00, 1.989251226378715e+05, 0.000000000000000e+00, 7.957004905514857e+04, 2.911840028168230e+02, 0.000000000000000e+00, -7.727915363257883e-01, 1.803899452812105e-05, 3.963055439602467e-03, 2.361664547992273e-04, -3.055573248068731e+03, 6.230520976342525e+00, 0.000000000000000e+00
16939, 2.125040000000000e-01, 5.811700000000000e-02, 9.569746508370598e-01, 0.000000000000000e+00, 0.000000000000000e+00, 2.000030826752175e+05, 0.000000000000000e+00, 8.000123307008698e+04, 2.912236174785917e+02, 0.000000000000000e+00, -7.574747765597897e-01, 1.804089621294332e-05, 3.896123604801127e-03, 1.992893865530637e-04, -2.999846965541824e+03, 6.221525056204352e+00, 0.000000000000000e+00
17060, 2.249010000000000e-01, 5.870000000000000e-02, 9.622883046352011e-01, 0.000000000000000e+00, 0.000000000000000e+00, 2.011440668123580e+05, 0.000000000000000e+00, 8.045762672494317e+04, 2.912677196553138e+02, 0.000000000000000e+00, -7.412625058633519e-01, 1.804301317222255e-05, 3.817863791656894e-03, 1.631013759387673e-04, -2.932087716090590e+03, 6.202596000365493e+00, 0.000000000000000e+00
17181, 2.379250000000000e-01, 5.920300000000000e-02, 9.679211425893494e-01, 0.000000000000000e+00, 0.000000000000000e+00, 2.023528137303019e+05, 0.000000000000000e+00, 8.094112549212074e+04, 2.913128270921572e+02, 0.000000000000000e+00, -7.240873922055016e-01, 1.804517822529862e-05, 3.741818492671423e-03, 1.283661937488117e-04, -2.852948416233486e+03, 6.186691614651446e+00, 0.000000000000000e+00
17302, 2.516020000000000e-01, 5.961600000000000e-02, 9.739484528063352e-01, 0.000000000000000e+00, 0.000000000000000e+00, 2.036466580838782e+05, 0.000000000000000e+00, 8.145866323355125e+04, 2.913611564085528e+02, 0.000000000000000e+00, -7.057031270641767e-01, 1.804749774172384e-05, 3.658742361727364e-03, 9.472725489868685e-05, -2.775861373462169e+03, 6.164094901452015e+00, 0.000000000000000e+00
17423, 2.659660000000000e-01, 5.992900000000000e-02, 9.804005838430986e-01, 0.000000000000000e+00, 0.000000000000000e+00, 2.050311882109335e+05, 0.000000000000000e+00, 8.201247528437336e+04, 2.914115118114653e+02, 0.000000000000000e+00, -6.860303056142237e-01, 1.804991430067750e-05, 3.573996549268414e-03, 6.262504140934754e-05, -2.682496126911819e+03, 6.139189497058870e+00, 0.000000000000000e+00
17544, 2.810500000000000e-01, 6.013200000000000e-02, 9.872824818612993e-01, 0.000000000000000e+00, 0.000000000000000e+00, 2.065076638864473e+05, 0.000000000000000e+00, 8.260306555457889e+04, 2.914641064190851e+02, 0.000000000000000e+00, -6.650510276830450e-01, 1.805243810412221e-05, 3.486220130300793e-03, 3.212950255903833e-05, -2.596134729740779e+03, 6.113637922019672e+00, 0.000000000000000e+00
17665, 2.968900000000000e-01, 6.021400000000000e-02, 9.946089222937933e-01, 0.000000000000000e+00, 0.000000000000000e+00, 2.080841951795021e+05, 0.000000000000000e+00, 8.323367807180081e+04, 2.915258571104596e+02, 0.000000000000000e+00, -6.426500571064816e-01, 1.805540099074202e-05, 3.391956913160425e-03, 3.447323009988046e-06, -2.484632431192392e+03, 6.078705581701398e+00, 0.000000000000000e+00
17786, 3.135200000000000e-01, 6.016500000000000e-02, 1.002410385151162e+00, 0.000000000000000e+00, 0.000000000000000e+00, 2.097579667611511e+05, 0.000000000000000e+00, 8.390318670446043e+04, 2.915837008924672e+02, 0.000000000000000e+00, -6.188673969603850e-01, 1.805817614358424e-05, 3.299354905882044e-03, -2.332280914902145e-05, -2.385134623952466e+03, 6.045512843009631e+00, 0.000000000000000e+00
17907, 3.309830000000000e-01, 5.997300000000000e-02, 1.010646875670449e+00, 0.000000000000000e+00, 0.000000000000000e+00, 2.115257469357016e+05, 0.000000000000000e+00, 8.461029877428060e+04, 2.916447320237127e+02, 0.000000000000000e+00, -5.937489664855894e-01, 1.806110392688137e-05, 3.205813118930126e-03, -4.809391381102006e-05, -2.288058822816196e+03, 6.012401262180796e+00, 0.000000000000000e+00
18028, 3.493150000000000e-01, 5.962800000000000e-02, 1.019266857684193e+00, 0.000000000000000e+00, 0.000000000000000e+00, 2.133769754301095e+05, 0.000000000000000e+00, 8.535079017204378e+04, 2.917091074563527e+02, 0.000000000000000e+00, -5.674448168525208e-01, 1.806419182250318e-05, 3.112659938480801e-03, -7.065191398414443e-05, -2.183684401419950e+03, 5.974300657658712e+00, 0.000000000000000e+00
18149, 3.685630000000000e-01, 5.912000000000000e-02, 1.028261448244917e+00, 0.000000000000000e+00, 0.000000000000000e+00, 2.153089672168250e+05, 0.000000000000000e+00, 8.612358688672996e+04, 2.917755530493769e+02, 0.000000000000000e+00, -5.399930996813915e-01, 1.806737867260714e-05, 3.017085954966468e-03, -9.085212700243724e-05, -2.079567000721331e+03, 5.935073610516754e+00, 0.000000000000000e+00
18270, 3.887670000000000e-01, 5.844000000000000e-02, 1.037501304722765e+00, 0.000000000000000e+00, 0.000000000000000e+00, 2.172974392034284e+05, 0.000000000000000e+00, 8.691897568137133e+04, 2.918477123184942e+02, 0.000000000000000e+00, -5.117388540089740e-01, 1.807083916417971e-05, 2.923590620574365e-03, -1.084461602823602e-04, -1.973611036899176e+03, 5.894684660581471e+00, 0.000000000000000e+00
18391, 4.092440000000000e-01, 5.761100000000000e-02, 1.046569897212386e+00, 0.000000000000000e+00, 0.000000000000000e+00, 2.192462552018886e+05, 0.000000000000000e+00, 8.769850208075541e+04, 2.919135684980526e+02, 0.000000000000000e+00, -4.840480812136853e-01, 1.807399702247857e-05, 2.837574885569522e-03, -1.237554332159693e-04, -1.888153789710839e+03, 5.857627054386098e+00, 0.000000000000000e+00
18512, 4.297180000000000e-01, 5.665400000000000e-02, 1.055358883481237e+00, 0.000000000000000e+00, 0.000000000000000e+00, 2.211327375977601e+05, 0.000000000000000e+00, 8.845309503910402e+04, 2.919733473799182e+02, 0.000000000000000e+00, -4.572430080576433e-01, 1.807686317159210e-05, 2.755503518972005e-03, -1.364390559385459e-04, -1.796721520783541e+03, 5.823220793434089e+00, 0.000000000000000e+00
18633, 4.501810000000000e-01, 5.558400000000000e-02, 1.063874308937438e+00, 0.000000000000000e+00, 0.000000000000000e+00, 2.229611743408945e+05, 0.000000000000000e+00, 8.918446973635780e+04, 2.920312035808530e+02, 0.000000000000000e+00, -4.312627069595930e-01, 1.807963686639869e-05, 2.681543325004983e-03, -1.470344098060152e-04, -1.719056349904030e+03, 5.791517461962370e+00, 0.000000000000000e+00
18754, 4.706430000000000e-01, 5.441000000000000e-02, 1.072033792081723e+00, 0.000000000000000e+00, 0.000000000000000e+00, 2.247082526590169e+05, 0.000000000000000e+00, 8.988330106360673e+04, 2.920793706212678e+02, 0.000000000000000e+00, -4.064384296543343e-01, 1.808194584901686e-05, 2.610981663894391e-03, -1.557680672980300e-04, -1.650511115674178e+03, 5.761851197055266e+00, 0.000000000000000e+00
18875, 4.910970000000000e-01, 5.314300000000000e-02, 1.079856041597249e+00, 0.000000000000000e+00, 0.000000000000000e+00, 2.263846141362905e+05, 0.000000000000000e+00, 9.055384565451619e+04, 2.921267866823043e+02, 0.000000000000000e+00, -3.826189696198127e-01, 1.808421865240049e-05, 2.548465626506496e-03, -1.632353789714219e-04, -1.587617472757087e+03, 5.738696794961731e+00, 0.000000000000000e+00
18996, 5.115470000000000e-01, 5.179000000000000e-02, 1.087352702414530e+00, 0.000000000000000e+00, 0.000000000000000e+00, 2.279860641541439e+05, 0.000000000000000e+00, 9.119442566165756e+04, 2.921650076568379e+02, 0.000000000000000e+00, -3.598639282909092e-01, 1.808605057624698e-05, 2.487429084438617e-03, -1.692960416236898e-04, -1.527069297249662e+03, 5.712110915389260e+00, 0.000000000000000e+00
19117, 5.319870000000000e-01, 5.036000000000000e-02, 1.094515466373466e+00, 0.000000000000000e+00, 0.000000000000000e+00, 2.295175597103211e+05, 0.000000000000000e+00, 9.180702388412842e+04, 2.922027853963913e+02, 0.000000000000000e+00, -3.381028715689799e-01, 1.808786114222549e-05, 2.433763550031533e-03, -1.746227430951246e-04, -1.477037337299389e+03, 5.692962145530736e+00, 0.000000000000000e+00
19238, 5.524250000000001e-01, 4.885700000000000e-02, 1.101370448396890e+00, 0.000000000000000e+00, 0.000000000000000e+00, 2.309784131645187e+05, 0.000000000000000e+00, 9.239136526580746e+04, 2.922323635168337e+02, 0.000000000000000e+00, -3.173455701514215e-01, 1.808927864785207e-05, 2.379916775878098e-03, -1.789669460974759e-04, -1.425698635713501e+03, 5.671181496079559e+00, 0.000000000000000e+00
19359, 5.728520000000000e-01, 4.728700000000000e-02, 1.107956895653912e+00, 0.000000000000000e+00, 0.000000000000000e+00, 2.323842616557052e+05, 0.000000000000000e+00, 9.295370466228206e+04, 2.922632327501728e+02, 0.000000000000000e+00, -2.973698355593389e-01, 1.809075795506106e-05, 2.332168708355192e-03, -1.830248917797601e-04, -1.380993697362732e+03, 5.653193438696896e+00, 0.000000000000000e+00
19480, 5.932770000000001e-01, 4.565100000000000e-02, 1.114325629219664e+00, 0.000000000000000e+00, 0.000000000000000e+00, 2.337400828576986e+05, 0.000000000000000e+00, 9.349603314307940e+04, 2.922882862989702e+02, 0.000000000000000e+00, -2.781049399072623e-01, 1.809195850911409e-05, 2.283344465782144e-03, -1.864776032571790e-04, -1.339046007658662e+03, 5.634151975506574e+00, 0.000000000000000e+00
19601, 6.137000000000000e-01, 4.395100000000000e-02, 1.120542784784214e+00, 0.000000000000000e+00, 0.000000000000000e+00, 2.350640795306820e+05, 0.000000000000000e+00, 9.402563181227277e+04, 2.923130215829234e+02, 0.000000000000000e+00, -2.592922397435374e-01, 1.809314376332003e-05, 2.236331508874619e-03, -1.896059482213890e-04, -1.294174063770858e+03, 5.612918351218329e+00, 0.000000000000000e+00
19722, 6.341100000000000e-01, 4.218900000000000e-02, 1.126673213955325e+00, 0.000000000000000e+00, 0.000000000000000e+00, 2.363660599843129e+05, 0.000000000000000e+00, 9.454642399372514e+04, 2.923327575527172e+02, 0.000000000000000e+00, -2.407923685633505e-01, 1.809408942790145e-05, 2.188195340623463e-03, -1.922356866036837e-04, -1.249252260790287e+03, 5.589671772671696e+00, 0.000000000000000e+00
19843, 6.545190000000000e-01, 4.036500000000000e-02, 1.132727117371058e+00, 0.000000000000000e+00, 0.000000000000000e+00, 2.376522253500433e+05, 0.000000000000000e+00, 9.506089014001729e+04, 2.923525756558719e+02, 0.000000000000000e+00, -2.225172143426599e-01, 1.809503899694460e-05, 2.140634995504768e-03, -1.945936448427574e-04, -1.206635189252636e+03, 5.566460750819439e+00, 0.000000000000000e+00
19964, 6.749220000000000e-01, 3.847900000000000e-02, 1.138772986504690e+00, 0.000000000000000e+00, 0.000000000000000e+00, 2.389370689668583e+05, 0.000000000000000e+00, 9.557482758674331e+04, 2.923726284519540e+02, 0.000000000000000e+00, -2.042608408836911e-01, 1.809599977947790e-05, 2.093418915326828e-03, -1.967904093606831e-04, -1.161663752311692e+03, 5.539895958900896e+00, 0.000000000000000e+00
20085, 6.953150000000000e-01, 3.653000000000000e-02, 1.144899372150163e+00, 0.000000000000000e+00, 0.000000000000000e+00, 2.402359627205368e+05, 0.000000000000000e+00, 9.609438508821471e+04, 2.923890068672866e+02, 0.000000000000000e+00, -1.858048286964197e-01, 1.809678448909385e-05, 2.041743744987166e-03, -1.983325255017313e-04, -1.113563357167724e+03, 5.508009683415323e+00, 0.000000000000000e+00
20206, 7.157090000000000e-01, 3.451700000000000e-02, 1.151140135972905e+00, 0.000000000000000e+00, 0.000000000000000e+00, 2.415597789414883e+05, 0.000000000000000e+00, 9.662391157659529e+04, 2.924063257865544e+02, 0.000000000000000e+00, -1.669946925799017e-01, 1.809761423629531e-05, 1.988778352801116e-03, -1.994338504170050e-04, -1.063324806267646e+03, 5.471455015251259e+00, 0.000000000000000e+00
20327, 7.360910000000001e-01, 3.244100000000000e-02, 1.157545578071448e+00, 0.000000000000000e+00, 0.000000000000000e+00, 2.429190061537178e+05, 0.000000000000000e+00, 9.716760246148710e+04, 2.924244838416296e+02, 0.000000000000000e+00, -1.476814008475061e-01, 1.809848416089866e-05, 1.934256439752682e-03, -2.000742204175104e-04, -1.011046639073960e+03, 5.431304234229676e+00, 0.000000000000000e+00
20448, 7.564680000000000e-01, 3.030100000000000e-02, 1.164149113304317e+00, 0.000000000000000e+00, 0.000000000000000e+00, 2.443198826760930e+05, 0.000000000000000e+00, 9.772795307043717e+04, 2.924425324521218e+02, 0.000000000000000e+00, -1.277763130783194e-01, 1.809934881632705e-05, 1.875901481328074e-03, -1.999537722650315e-04, -9.560956609685346e+02, 5.385200827093772e+00, 0.000000000000000e+00
20569, 7.768450000000000e-01, 2.809700000000000e-02, 1.171000756523980e+00, 0.000000000000000e+00, 0.000000000000000e+00, 2.457735975565084e+05, 0.000000000000000e+00, 9.830943902260334e+04, 2.924612875149258e+02, 0.000000000000000e+00, -1.071204438251319e-01, 1.810024728848609e-05, 1.814983650111661e-03, -1.991202143696836e-04, -8.972567857039238e+02, 5.331207815208871e+00, 0.000000000000000e+00
20690, 7.972030000000000e-01, 2.583200000000000e-02, 1.178145895551433e+00, 0.000000000000000e+00, 0.000000000000000e+00, 2.472905860975064e+05, 0.000000000000000e+00, 9.891623443900255e+04, 2.924817994027202e+02, 0.000000000000000e+00, -8.556551762634088e-02, 1.810122989050543e-05, 1.750222335422075e-03, -1.973922036609226e-04, -8.361607907264545e+02, 5.271048951469563e+00, 0.000000000000000e+00
20811, 8.175610000000000e-01, 2.350500000000000e-02, 1.185642070561931e+00, 0.000000000000000e+00, 0.000000000000000e+00, 2.488830928438916e+05, 0.000000000000000e+00, 9.955323713755660e+04, 2.925042162761553e+02, 0.000000000000000e+00, -6.293755145408177e-02, 1.810230371094537e-05, 1.682474376948478e-03, -1.948389214616743e-04, -7.744552978239520e+02, 5.203145937842657e+00, 0.000000000000000e+00
20932, 8.379180000000001e-01, 2.111700000000000e-02, 1.193579298745234e+00, 0.000000000000000e+00, 0.000000000000000e+00, 2.505653906144061e+05, 0.000000000000000e+00, 1.002261562457624e+05, 2.925230834213322e+02, 0.000000000000000e+00, -3.903374248794664e-02, 1.810320746033027e-05, 1.604517247756393e-03, -1.904800142076258e-04, -7.048501680285312e+02, 5.115934104377189e+00, 0.000000000000000e+00
21053, 8.582720000000000e-01, 1.867200000000000e-02, 1.201925631208933e+00, 0.000000000000000e+00, 0.000000000000000e+00, 2.523430783537926e+05, 0.000000000000000e+00, 1.009372313415170e+05, 2.925527175886751e+02, 0.000000000000000e+00, -1.377453518914831e-02, 1.810462690073220e-05, 1.529359564151995e-03, -1.858838157731756e-04, -6.387011649405647e+02, 5.030612986002563e+00, 0.000000000000000e+00
21174, 8.786030000000000e-01, 1.617200000000000e-02, 1.210916638403918e+00, 0.000000000000000e+00, 0.000000000000000e+00, 2.542479921787962e+05, 0.000000000000000e+00, 1.016991968715185e+05, 2.925725803458319e+02, 0.000000000000000e+00, 1.329243058107165e-02, 1.810557826365199e-05, 1.437971749492100e-03, -1.787695136293390e-04, -5.627091740271246e+02, 4.912275170304921e+00, 0.000000000000000e+00
21295, 8.989330000000000e-01, 1.361700000000000e-02, 1.220609877910909e+00, 0.000000000000000e+00, 0.000000000000000e+00, 2.562996309893421e+05, 0.000000000000000e+00, 1.025198523957368e+05, 2.925913193983947e+02, 0.000000000000000e+00, 4.244421515473659e-02, 1.810647577609395e-05, 1.339341023628064e-03, -1.701681192342005e-04, -4.849983205157656e+02, 4.777138323366440e+00, 0.000000000000000e+00
21416, 9.192630000000001e-01, 1.100600000000000e-02, 1.231269586525741e+00, 0.000000000000000e+00, 0.000000000000000e+00, 2.585557803743005e+05, 0.000000000000000e+00, 1.034223121497202e+05, 2.926115306731374e+02, 0.000000000000000e+00, 7.450189533617760e-02, 1.810744376992757e-05, 1.224540704331546e-03, -1.590011407459216e-04, -4.012413393071536e+02, 4.602678738772200e+00, 0.000000000000000e+00
21537, 9.395890000000000e-01, 8.338000000000000e-03, 1.243000785120804e+00, 0.000000000000000e+00, 0.000000000000000e+00, 2.610976333261283e+05, 0.000000000000000e+00, 1.044390533304513e+05, 2.926994247673479e+02, 0.000000000000000e+00, 1.106191442830821e-01, 1.811165297252063e-05, 1.108067428747246e-03, -1.471460315381248e-04, -3.207368677450503e+02, 4.413296667019853e+00, 0.000000000000000e+00
21658, 9.598970000000000e-01, 5.610000000000000e-03, 1.255998983707687e+00, 0.000000000000000e+00, 0.000000000000000e+00, 2.640509609729625e+05, 0.000000000000000e+00, 1.056203843891850e+05, 2.929468287728267e+02, 0.000000000000000e+00, 1.525830469414897e-01, 1.812349774458281e-05, 1.008893812780669e-03, -1.372918442037525e-04, -2.520962551808897e+02, 4.245139796932551e+00, 0.000000000000000e+00
21779, 9.801970000000000e-01, 2.812000000000000e-03, 1.269858265289119e+00, 0.000000000000000e+00, 0.000000000000000e+00, 2.672240442207998e+05, 0.000000000000000e+00, 1.068896176883199e+05, 2.932314979756293e+02, 0.000000000000000e+00, 1.976694621524809e-01, 1.813712065463086e-05, 8.634844983696544e-04, -1.207926597973658e-04, -1.677710517851460e+02, 3.959132113789189e+00, 0.000000000000000e+00
